X(mm),Y(mm)
0,0
1.241,0.978
2.486,1.335821
4.978,2.261891
7.473,3.007482
9.968,3.629307
14.962,4.642119
19.958,5.270297
29.956,5.816957
39.956,5.908512
49.96,5.539977
59.965,4.806317
69.972,3.832384
79.98,2.728385
89.989,1.524238
94.994,0.842138
100,0
